MCNS,FAFB,MAOL
10157,720575940628908548,10046
114690,720575940628725760,144157
114692,720575940616544268,151822
114701,720575940631306255,26690
155662,720575940620607508,29539
204818,720575940627652629,30824
131091,720575940624097304,32280
147475,720575940618100770,33616
147478,720575940631773226,34258
122897,720575940626161712,34968
122907,720575940632485945,37548
122915,720575940638711878,38186
163913,720575940628234312,38366
204876,720575940618682448,39301
172111,720575940640194648,41669
114768,720575940634222687,44363
147537,720575940628988007,148997
122970,720575940630044775,542238
548963,720575940635172975,51260
139370,720575940647755908,22180
73837,720575940620656775,120956
114805,720575940623605907,55758
139385,720575940635386010,159072
213117,720575940634304692,31095
180358,720575940611965138,31133
98440,720575940641636571,32245
131211,720575940612669682,32711
65677,720575940641341685,33542
188561,720575940630372603,34310
106643,720575940627996924,525869
155800,720575940628685062,167109
131231,720575940625236234,36293
123039,720575940627480842,37862
131239,720575940632502543,38433
147631,720575940627644693,39652
139444,720575940623089946,140554
131256,720575940646748451,44106
549053,720575940622221606,111619
123082,720575940625260839,145765
549066,720575940623958313,21682
164044,720575940616683826,87963
147663,720575940631994680,90008
155856,720575940631920983,28053
147676,720575940640170328,96416
164064,720575940636770661,32011
73952,720575940613464434,65107
114915,720575940639605107,33084
73962,720575940611129720,33272
49386,720575940619444603,34235
139500,720575940622377343,37169
565496,720575940623778186,38739
549121,720575940617388427,43994
49411,720575940623720851,144201
131345,720575940629397915,46147
147733,720575940605018540,211898
147740,720575940625547708,146584
139549,720575940616044998,149389
65823,720575940607664585,116974
114975,720575940626457034,117349
147749,720575940618920395,153053
114989,720575940624105933,89486
123183,720575940641366480,27066
123188,720575940623606227,28145
114998,720575940634198483,159972
147766,720575940623483350,95531
188727,720575940612882906,30235
90424,720575940638097892,30861
139578,720575940625113580,96828
123210,720575940612678130,31969
98639,720575940625203699,163937
131408,720575940631020027,35091
205135,720575940631028219,134193
115026,720575940614013438,75856
155984,720575940623655423,142621
123229,720575940626539010,110218
123230,720575940624638472,145258
549216,720575940608967179,178107
106851,720575940622606867,81715
549233,720575940620198420,114693
147831,720575940623401496,150561
172416,720575940622443034,85369
131458,720575940623729190,184925
549253,720575940614275624,152488
549256,720575940610695726,23597
139666,720575940632158767,23678
164251,720575940630405676,23759
131487,720575940631863864,127053
115123,720575940630495804,94831
131513,720575940619584064,95259
197052,720575940628144714,130253
549313,720575940620018256,32030
131535,720575940634788448,97599
188883,720575940621091425,131466
90582,720575940626219620,131517
131560,720575940635001445,98963
106986,720575940605813350,134215
549355,720575940631110252,104938
98804,720575940637450864,39621
147956,720575940637614704,105202
123391,720575940631372406,73154
123392,720575940611113592,139805
123395,720575940620108411,110609
98822,720575940626293379,111588
115206,720575940629627547,112801
98828,720575940618257053,81041
90636,720575940640064163,81327
172559,720575940612825770,115472
98845,720575940621017771,148968
148007,720575940613194410,83545
107050,720575940622353078,117298
115250,720575940607599305,87302
123442,720575940625867466,120385
123444,720575940619592395,89845
66110,720575940623483606,91746
107070,720575940630725340,160537
74315,720575940605338336,32091
549467,720575940638302948,97731
98909,720575940624753383,98023
164446,720575940636943081,164253
98917,720575940625523436,98787
98920,720575940613792493,34497
115306,720575940621796084,134011
180844,720575940641596149,101801
164464,720575940636623608,102886
115324,720575940629152505,142626
131711,720575940615144190,110131
115332,720575940626563844,110810
164502,720575940628538118,111279
197271,720575940631626514,112034
549531,720575940620657428,79468
197281,720575940603544363,145128
66213,720575940629119787,145453
107177,720575940616389430,113624
107178,720575940626465594,147405
98989,720575940639761213,83686
172714,720575940632347459,83708
246442,720575940617118533,149252
115373,720575940639859534,116542
533170,720575940617290582,84857
115379,720575940627301209,117873
516786,720575940638180186,151425
123573,720575940639023962,88096
565944,720575940619567969,121172
115387,720575940636189541,57290
66240,720575940636484453,90719
123588,720575940635411307,92010
148170,720575940612268913,92805
107215,720575940630184826,191276
140008,720575940624720788,224743
565992,720575940635018135,159516
164586,720575940612989849,94203
123625,720575940635616154,161072
549619,720575940614366111,164280
115448,720575940604781490,131532
74492,720575940620788672,98949
180988,720575940607288265,99046
549628,720575940606862281,131830
180992,720575940619862987,131935
156418,720575940623377357,99221
189191,720575940604912608,99268
123658,720575940633773025,164858
107278,720575940625171431,100760
549646,720575940621689838,102273
541457,720575940612686834,102421
66324,720575940627530756,135308
123668,720575940624909319,103655
90906,720575940623467533,104486
107302,720575940627866643,104551
123687,720575940618273821,105389
140080,720575940620723233,105416
115506,720575940644946980,106245
123707,720575940626293808,106496
123714,720575940617299003,106666
549705,720575940619101248,107354
115530,720575940632388675,107940
123727,720575940639122502,75671
213844,720575940624081993,109183
107359,720575940631037015,110352
115557,720575940637918298,77663
148330,720575940638172250,144564
549738,720575940636247141,79781
140142,720575940627965031,114713
90993,720575940629267564,115134
99188,720575940612916338,150268
549756,720575940638958707,84878
140159,720575940647756932,117681
115590,720575940620657799,118645
107399,720575940623647880,151857
123806,720575940617307275,87869
99242,720575940632183948,88621
172994,720575940642694285,89535
156610,720575940637680782,90688
132037,720575940625851536,156860
82902,720575940626179216,126027
99288,720575940614587538,60550
132059,720575940611851413,159356
140251,720575940626056344,160179
115676,720575940611212441,95666
123873,720575940626834584,95870
566260,720575940643751072,95902
99322,720575940639999139,96725
91137,720575940615005351,162969
181256,720575940628169896,164071
132107,720575940624876730,67062
99342,720575940609139907,132620
549910,720575940630971589,99953
132122,720575940614677702,100414
156698,720575940614448337,166131
164893,720575940622910678,100745
525346,720575940620010712,167568
140325,720575940616479965,103008
123941,720575940613317859,103408
148530,720575940638123241,104379
148534,720575940624491755,137355
82999,720575940620862703,104772
214083,720575940625253619,139750
140359,720575940641752309,106992
115784,720575940653057270,107832
541772,720575940636034296,108764
140367,720575940631184633,143028
91215,720575940630963451,143142
148565,720575940628260096,110979
58457,720575940624483592,78846
91228,720575940632642847,111639
549982,720575940629955884,78952
181343,720575940646659380,111906
197730,720575940615890235,113159
148594,720575940626113854,113474
550006,720575940614341954,113892
140409,720575940615488834,114154
164991,720575940610377028,81831
74882,720575940619568478,114936
107651,720575940635460971,115750
140420,720575940617045365,115922
140424,720575940616537461,149457
115851,720575940622574972,117267
115861,720575940621804927,117401
124054,720575940627285381,543469
189591,720575940619863431,117785
107675,720575940623271306,53577
140446,720575940623762826,152264
148639,720575940628030863,119672
58533,720575940625655192,120391
566444,720575940618601893,546479
107693,720575940635755956,120580
115886,720575940624975288,88148
115888,720575940632110543,88930
107699,720575940640974288,89167
74939,720575940614710737,122147
148667,720575940622648790,89417
83134,720575940622566870,89693
140486,720575940623943143,90258
99530,720575940613547501,90328
140493,720575940627056113,90340
550097,720575940628235761,90976
165090,720575940623025663,157533
115940,720575940617930241,92412
124139,720575940608632329,157978
148717,720575940627211786,92592
140526,720575940627629585,92820
124145,720575940632356370,92891
107774,720575940628211219,126182
91404,720575940645570071,93623
107793,720575940617324061,93720
533778,720575940639606325,94199
550161,720575940640056893,94260
156950,720575940632700487,94290
107816,720575940627719752,94357
148777,720575940627056202,160096
99629,720575940629939791,94720
107822,720575940632397393,127662
132408,720575940631217751,160978
533828,720575940620920411,193779
157000,720575940627777129,96565
550218,720575940612400753,97168
181579,720575940635633271,97408
550219,720575940630087294,97640
34128,720575940632610444,130611
132433,720575940617234059,98200
116053,720575940623672979,65583
107868,720575940626769560,102276
66918,720575940611090073,102343
550246,720575940613547673,102345
181615,720575940620568235,135704
116088,720575940613867183,103256
99705,720575940613940911,71203
132475,720575940604495537,104080
206217,720575940614465199,104227
165262,720575940624811708,104333
198039,720575940633798335,104419
116124,720575940618143449,104612
181660,720575940616595165,170174
550314,720575940614932191,170277
148907,720575940621518575,105177
189867,720575940612376306,105857
550320,720575940624017159,106436
34230,720575940608698121,107094
173496,720575940625426190,75187
189881,720575940631652114,76118
124350,720575940622403361,109001
99777,720575940646938403,142172
75202,720575940645635875,142177
550350,720575940632520495,110012
214481,720575940630759223,110278
550356,720575940617889595,110662
107994,720575940619077445,78190
132576,720575940630021963,80142
108006,720575940608419676,113420
542182,720575940635510623,114042
165358,720575940635125600,81896
132592,720575940627908455,115162
206320,720575940636092272,50151
116219,720575940621674356,148696
108032,720575940627408773,83616
99841,720575940615743371,85140
214533,720575940627490703,150731
67092,720575940617865105,85432
108058,720575940614760338,86120
214555,720575940612319125,53388
99876,720575940634732439,54442
99888,720575940633675693,87349
149040,720575940619970480,120171
99891,720575940612868019,88149
198205,720575940623738820,88320
550463,720575940626237386,121335
542278,720575940640991184,89422
550470,720575940609083349,122344
108107,720575940622362589,89953
83533,720575940637960158,155712
99918,720575940621592558,123393
116305,720575940620634096,90926
214610,720575940635764728,58544
124494,720575940631169017,124557
550479,720575940629383184,91856
132694,720575940620191764,26435
140886,720575940645029911,124912
157268,720575940645193764,92356
124506,720575940625492007,157993
534115,720575940629481515,59956
124515,720575940631185452,92878
99944,720575940612720691,60357
132714,720575940614113331,94133
124523,720575940618618934,127273
550512,720575940624214089,160081
99954,720575940624115789,95029
181879,720575940627572815,95813
550522,720575940627810386,63263
190082,720575940631619667,161575
550535,720575940621092955,63447
190088,720575940617365597,96310
132746,720575940621305953,97086
124563,720575940611860578,97629
124590,720575940629637223,97660
116400,720575940621068404,97790
124592,720575940622084212,97939
108212,720575940607076482,98534
542392,720575940620159111,98585
550589,720575940631980172,98663
534206,720575940617537681,131463
116417,720575940625270932,99235
100036,720575940632537252,99979
124619,720575940621412518,100396
157390,720575940608936149,100442
550611,720575940612008154,100688
190164,720575940622362845,101765
100055,720575940604807392,102204
108252,720575940634257634,103182
141022,720575940614351075,70780
149213,720575940638517481,105580
214753,720575940612507885,138428
141026,720575940624664819,138665
517857,720575940641343733,106164
534245,720575940617545985,106407
550625,720575940622371077,106501
108263,720575940615260428,106716
222960,720575940645554455,106936
550640,720575940645636375,108179
132853,720575940622821658,108989
534262,720575940626819356,141760
550650,720575940617783581,109431
550651,720575940621789473,109503
141059,720575940646783267,109721
108293,720575940626401573,109739
190215,720575940626311461,142540
550663,720575940625148199,110067
116489,720575940623452455,110245
124683,720575940639246645,110321
124686,720575940625991994,111188
550674,720575940640115005,112066
182035,720575940624140617,80095
132885,720575940635928939,113048
100118,720575940660619649,113257
550680,720575940642613645,113307
182047,720575940627335576,113631
149288,720575940634880412,81301
108330,720575940617963934,114528
550698,720575940653631905,114702
550699,720575940620806571,49321
108336,720575940606192049,115152
214833,720575940622453175,115185
550704,720575940622715319,115797
550707,720575940616825275,83060
124736,720575940620749249,83954
116545,720575940645054920,116746
116547,720575940640729552,150358
132932,720575940619954648,150402
575311,720575940615645663,117661
190293,720575940617972198,85026
550742,720575940624812519,150594
100183,720575940620478959,150618
124761,720575940625263091,118025
550745,720575940634372600,85889
550746,720575940614588926,118810
198492,720575940629047814,86371
206684,720575940607363593,86582
542556,720575940623305229,120109
190300,720575940626680337,54873
116578,720575940611869206,88410
550752,720575940623477272,88743
223078,720575940618693154,89062
157543,720575940644694564,89429
550759,720575940631824938,122689
157546,720575940633217607,123133
108397,720575940624280137,156268
132974,720575940631915083,90877
141167,720575940622330444,91034
591728,720575940626393677,91127
132983,720575940623026764,91443
132984,720575940632611409,91732
190329,720575940618324564,92000
100219,720575940629138025,59372
108413,720575940615105130,125333
132998,720575940611091058,92954
141192,720575940649765497,158494
550791,720575940622142076,93271
141197,720575940620946054,93499
550801,720575940617841297,93679
100248,720575940634946199,93826
575406,720575940614556335,62308
116660,720575940614695599,95322
116664,720575940622854837,128235
124859,720575940607175369,95811
59327,720575940633774818,95937
92098,720575940624673515,96240
124870,720575940612418285,96265
124874,720575940625279731,63690
116684,720575940618193665,63815
133071,720575940624395016,63976
124878,720575940627622673,97359
198610,720575940620864289,65411
124892,720575940626156325,98965
206823,720575940614261555,131756
124905,720575940630620985,99174
108523,720575940616891195,99286
550905,720575940622084929,66861
174086,720575940638239558,99974
198666,720575940628810570,67519
550921,720575940623067980,100342
550940,720575940625099597,101864
198695,720575940627090265,101957
100395,720575940622609246,135846
550955,720575940621478765,103974
124974,720575940621642612,137119
550962,720575940611287928,137408
100416,720575940619324283,104820
59456,720575940607462274,106114
206918,720575940619201413,73474
551004,720575940621642630,171941
43109,720575940620176263,106665
534630,720575940618259357,139660
575592,720575940618881950,139720
551019,720575940644015008,106995
157808,720575940644277152,107247
551024,720575940653632417,107689
551025,720575940621347750,107874
223348,720575940612492211,140672
116854,720575940624477111,108076
542848,720575940616276921,76252
551046,720575940620749761,109266
125068,720575940630113218,109281
108688,720575940630342615,109365
551057,720575940613991391,109589
116891,720575940638567396,110537
116894,720575940623502323,111283
141472,720575940630375419,144841
166050,720575940627672074,112581
551075,720575940627917834,112945
551080,720575940631350287,80314
551087,720575940631661586,80501
551090,720575940622461978,80881
141494,720575940618095650,113748
141495,720575940613876776,113793
116918,720575940621601857,113794
92350,720575940618751045,147023
100546,720575940632161361,114574
149698,720575940632276049,82003
166086,720575940621266017,114854
166088,720575940605676646,82931
125133,720575940615130218,148573
108750,720575940645735534,83116
542926,720575940630195326,86027
149711,720575940640550016,119049
166105,720575940626820227,119410
75994,720575940647545988,86786
182491,720575940628081797,119913
133341,720575940627778703,120127
125149,720575940615556246,87994
125152,720575940634610844,154049
67814,720575940617645213,89892
59627,720575940615851167,89954
551149,720575940633169060,123176
125166,720575940618906790,90590
84208,720575940635839668,156260
116988,720575940624149685,90733
133374,720575940622707895,58195
141572,720575940639075517,91014
575751,720575940606340286,124102
117015,720575940621307073,157898
198942,720575940619906251,59722
125215,720575940640632016,92588
166177,720575940609567957,92650
141608,720575940632407265,92755
117033,720575940637297892,92935
108842,720575940638403817,93107
157994,720575940624936171,93130
133421,720575940628303089,60628
207150,720575940622290164,93668
76081,720575940628319484,93804
158005,720575940614827262,159496
67902,720575940624960776,94344
174402,720575940627033354,29174
117062,720575940609117451,63751
149834,720575940616924428,64112
551242,720575940631358735,129721
141649,720575940627262739,97635
575831,720575940622200097,66035
149851,720575940643147044,66378
199006,720575940629851436,33690
158056,720575940619963697,99514
108908,720575940631637304,100195
575854,720575940640009533,67546
149871,720575940638428479,100520
108917,720575940639124814,134143
149879,720575940620422480,101774
158074,720575940617686356,102123
551290,720575940640738648,102383
199036,720575940627344729,37430
141693,720575940635135327,103813
117118,720575940621413729,104305
108931,720575940639477107,139033
117125,720575940616949109,107005
149905,720575940622077300,139983
108951,720575940649880953,107331
215450,720575940650438009,76011
125338,720575940648340868,174724
149917,720575940620152199,110042
141730,720575940615753099,110514
166312,720575940614557078,113130
133548,720575940621348272,145922
551338,720575940636249524,146008
92587,720575940624018869,113580
567728,720575940620750273,48105
149940,720575940628819399,146784
68021,720575940644736456,114196
117177,720575940620045771,114778
534972,720575940610100686,49964
84412,720575940631555535,115512
534974,720575940617702868,50286
158151,720575940609232341,50407
109009,720575940614221283,116442
149969,720575940629614065,84318
526804,720575940612664818,117429
109017,720575940641328629,150308
68059,720575940630654459,84918
158177,720575940628516355,118110
141795,720575940626296337,85695
100840,720575940613262870,87196
100845,720575940622626328,87381
76273,720575940627238430,55038
109044,720575940643483172,55148
150008,720575940625468967,87925
141822,720575940623855145,121592
100869,720575940610584110,88850
84497,720575940640566845,88880
543249,720575940610428484,88985
141857,720575940628074056,89177
100903,720575940631514699,56636
133674,720575940633734734,89963
100907,720575940616392276,122776
141868,720575940620471893,122872
133680,720575940627254873,156593
68153,720575940611968625,91118
109113,720575940616433269,124411
166459,720575940626951811,91933
125497,720575940642508429,59271
141898,720575940628000399,92660
141902,720575940617285265,125622
133719,720575940615958175,126674
109160,720575940615016098,94103
576105,720575940621962918,61511
117354,720575940605087404,127534
551528,720575940624993975,62584
199276,720575940625944252,31258
248430,720575940608872131,97703
551539,720575940624092868,98078
551542,720575940606594766,98117
100984,720575940632669922,65855
109178,720575940623937258,66051
535164,720575940629991162,33472
125565,720575940626755330,66408
535166,720575940626272002,66981
133760,720575940626501378,68117
125571,720575940626632450,101533
199300,720575940622610183,103460
150149,720575940608896779,71465
551567,720575940627820304,104663
117395,720575940622077722,41038
150163,720575940603391778,74648
158356,720575940630204202,107591
551577,720575940618317617,42352
543387,720575940610535236,108038
527008,720575940617088837,141112
141985,720575940631752515,142036
133800,720575940632743751,109845
551592,720575940632178503,142822
158377,720575940632588113,77310
76471,720575940623159134,112193
199354,720575940615679850,113598
518842,720575940635996015,114999
125629,720575940610756465,49958
125633,720575940621520756,116307
142024,720575940617039733,116538
133843,720575940611370872,83973
207574,720575940640698240,117708
117467,720575940627664773,117840
551643,720575940616982411,118844
551647,720575940623519635,86195
158439,720575940612411289,86238
76521,720575940629491611,54158
117488,720575940634365852,87208
101107,720575940620816299,87520
125683,720575940623986615,54855
158455,720575940620865473,87738
125692,720575940640878544,55039
27389,720575940611125202,55272
191229,720575940641558491,120823
551684,720575940604809184,120884
142086,720575940633702370,121392
551693,720575940625133543,88659
125711,720575940628467708,88713
142108,720575940628434950,89147
101150,720575940626157578,57055
125727,720575940631973903,90120
117537,720575940612845590,90133
133934,720575940618317853,57939
43822,720575940629205035,58536
535346,720575940630360119,92439
76597,720575940632244281,92577
133942,720575940610428996,92689
150327,720575940631629899,60138
174907,720575940629286991,60366
84804,720575940619997269,93630
68426,720575940616810582,126503
76618,720575940639772760,94498
142158,720575940621381723,127369
93005,720575940620963931,62358
101202,720575940608675932,95679
248667,720575940617826397,95798
158560,720575940637274213,128587
133986,720575940645621870,63984
93037,720575940615401589,96778
183154,720575940622291068,96821
551800,720575940627329149,96894
166785,720575940629385342,31645
109442,720575940660514945,65442
551809,720575940623331464,33279
551813,720575940628205705,132426
101255,720575940622405770,67738
43914,720575940630982796,67978
134027,720575940623388819,36084
109457,720575940625666200,104471
551825,720575940617777337,104498
134040,720575940616851643,104878
551834,720575940609683651,105648
166812,720575940609306819,105850
125853,720575940619792589,106586
150439,720575940611305678,108101
101288,720575940612067546,42667
150444,720575940613034202,108639
134074,720575940630507740,109308
101319,720575940633202914,46227
142283,720575940634300642,79828
43983,720575940624486635,114808
84943,720575940620988654,114873
125909,720575940621439216,82250
84950,720575940627706122,83080
125914,720575940623380749,50425
166875,720575940629205264,83320
551902,720575940627427600,51169
551906,720575940634415385,84478
125924,720575940622143770,51765
101350,720575940632678687,51926
551915,720575940622586145,117491
191475,720575940623249702,117857
166901,720575940629205291,86617
109561,720575940630851900,120299
543737,720575940625412414,54981
125950,720575940617056598,120885
142359,720575940617294166,55503
101400,720575940608872796,154024
134170,720575940615590250,121885
117793,720575940645089646,155367
101412,720575940645482862,90609
109605,720575940612485489,58762
142373,720575940620489094,124616
101415,720575940621906312,125042
134185,720575940617548177,59830
117803,720575940624920980,125380
142391,720575940612714901,60311
93242,720575940634284444,60785
60485,720575940618908062,159357
109639,720575940640149923,94138
134218,720575940613296554,61759
126026,720575940607988146,61890
543825,720575940622840245,127619
117847,720575940628550087,62130
527449,720575940637848030,160459
207962,720575940624617959,94975
101467,720575940630237687,95838
117850,720575940625297916,96016
117851,720575940624208381,96169
543834,720575940624101895,63484
543840,720575940627714570,129605
543841,720575940624962062,97287
134260,720575940632211986,97296
126079,720575940603392546,130173
552064,720575940646883875,64844
167041,720575940633432621,65191
142472,720575940619907633,65240
142479,720575940619260470,65591
101523,720575940632007224,131233
158874,720575940627853882,557238
150684,720575940617253435,99474
109725,720575940632015427,99709
134309,720575940620595792,34280
109733,720575940616704596,67054
109736,720575940628525673,67306
552102,720575940630024826,68120
126124,720575940626838147,133832
109749,720575940627411593,134206
134328,720575940618769054,135708
142525,720575940615459487,103333
126147,720575940627903144,72834
93391,720575940621693616,40074
109777,720575940635947700,138862
543978,720575940621963958,204935
93421,720575940626649786,74317
68848,720575940621243073,108050
126197,720575940619973323,108928
535816,720575940618506955,141959
142602,720575940616811220,142554
68875,720575940609848021,78816
60693,720575940605113056,47643
167190,720575940614255341,14919
142614,720575940620727022,146566
109849,720575940641960693,48391
126235,720575940616000268,81734
552227,720575940623250200,81887
142628,720575940618244898,147528
552233,720575940623897382,114845
101686,720575940628484907,82959
150842,720575940626158384,82979
134460,720575940630238007,116968
93508,720575940620940097,53092
552260,720575940618752837,119247
118098,720575940638602054,87010
134488,720575940618343252,54334
118108,720575940616614742,152741
552287,720575940620833627,54585
142690,720575940620931931,54643
142694,720575940635693919,153081
109933,720575940621079393,88259
109939,720575940611642210,55898
134516,720575940611027810,88815
118134,720575940626781028,89378
150904,720575940636685157,57285
183676,720575940615730026,58202
109954,720575940630729580,58380
109958,720575940645114734,124125
142727,720575940612748146,60094
109962,720575940636349303,93556
535947,720575940619260795,126904
208268,720575940628812670,126971
535950,720575940607652738,61719
126346,720575940647465860,61910
552333,720575940621890440,62000
142760,720575940627387273,62091
183721,720575940641387405,127788
167341,720575940615279510,95470
77235,720575940633121692,96151
118195,720575940644025248,30740
142777,720575940633203620,63777
118202,720575940605629356,63857
126399,720575940621833142,96726
69057,720575940623774652,63985
150981,720575940623733700,64347
183751,720575940629918661,66777
175574,720575940623381453,67825
118230,720575940611281870,100890
134619,720575940640707536,133921
544221,720575940623348694,35937
151008,720575940620702703,69840
110058,720575940630254583,136090
134638,720575940634350584,70680
200176,720575940635988984,70925
552436,720575940628927492,137082
118261,720575940626134026,104733
126454,720575940625232906,105288
552438,720575940625372174,107763
93695,720575940627624977,76736
110085,720575940623037466,109998
552455,720575940622046241,77511
134689,720575940622283814,114255
134695,720575940631794730,114274
101935,720575940631024687,50106
101943,720575940619818033,50621
110136,720575940639544373,51599
101958,720575940630852663,84415
552524,720575940618146875,117776
151121,720575940627641416,118133
536150,720575940622349388,52797
85599,720575940618441812,53194
110178,720575940626871396,118998
101991,720575940606014566,152212
77417,720575940612330609,119525
134766,720575940621956212,152764
110195,720575940620031111,121119
110197,720575940620194951,55645
544375,720575940622939272,90016
118395,720575940632335500,57855
552583,720575940636562574,57860
102026,720575940627248280,123555
224906,720575940629337243,59350
118414,720575940605686956,93407
159375,720575940607743154,93781
102046,720575940625306812,93923
167582,720575940620285131,61419
216757,720575940611462350,127961
126651,720575940640117968,554203
118475,720575940641297616,62885
134860,720575940640355536,64084
126668,720575940617557204,96953
134864,720575940630451415,129869
544467,720575940620055768,130164
77532,720575940622750941,65214
118492,720575940639003881,33080
126686,720575940624504042,196923
102115,720575940624651499,66867
462564,720575940625044715,67290
118498,720575940620227823,100512
552673,720575940622013680,36103
134890,720575940622341363,101709
167659,720575940651160822,36199
544493,720575940629247224,102001
77550,720575940635702520,37011
110318,720575940631336187,169008
118542,720575940624446717,103585
134930,720575940623783167,169453
151319,720575940629124355,71455
118552,720575940629099779,564328
544537,720575940609193227,138375
134938,720575940616361228,106424
200474,720575940627510544,73791
519961,720575940629148944,139398
519964,720575940627322128,106701
519966,720575940626543893,106973
77617,720575940627395868,140248
552759,720575940618171677,141142
134972,720575940623357222,145125
102211,720575940613674280,48250
118601,720575940622284070,147584
552784,720575940614190376,114832
44889,720575940624217385,83698
151385,720575940619588918,117373
110432,720575940626502970,52175
135009,720575940619105600,117845
110441,720575940619842901,150722
135019,720575940640224600,151026
135023,720575940638774618,53129
143226,720575940636849509,152608
135035,720575940628788585,55569
110469,720575940627723645,121548
110486,720575940639962496,89059
85910,720575940607612290,89309
233369,720575940606776706,57262
192417,720575940615320994,122927
143266,720575940614428071,57610
118694,720575940621514166,90406
118695,720575940629788098,57847
511910,720575940631721413,156202
143274,720575940628223431,58008
159658,720575940626683338,58313
94123,720575940626347466,156827
143278,720575940630812111,58777
200629,720575940612117978,124326
44988,720575940637701598,59484
143299,720575940613273059,92258
118727,720575940630377975,157954
569293,720575940629476857,27381
511950,720575940628649468,94443
176081,720575940622308869,160743
143315,720575940607415817,95614
143319,720575940625675790,63101
184284,720575940625626638,129091
143329,720575940620940820,162034
118757,720575940612994582,31496
126950,720575940644967959,162808
135145,720575940646966819,65004
135149,720575940613633576,65194
241652,720575940630820396,164285
118777,720575940609635886,131576
94205,720575940610651694,101382
118783,720575940626724400,101732
176128,720575940616500786,37389
118787,720575940645484084,40078
110597,720575940627314238,105671
69638,720575940637414975,138897
544781,720575940615427650,139203
176144,720575940638430783,140244
118800,720575940627633736,107858
53277,720575940630623819,108168
135204,720575940622767692,108822
86053,720575940632540753,142461
127010,720575940622177886,110016
110631,720575940629329516,77386
61503,720575940645557870,111823
86080,720575940636636783,111980
94272,720575940637439600,112900
135240,720575940621678196,81812
151625,720575940660639361,114911
110668,720575940607022722,50976
127052,720575940627568259,543182
143459,720575940607596162,117779
102503,720575940621088391,118488
282740,720575940625634968,53617
159864,720575940627068568,54301
110717,720575940629599899,120521
20607,720575940644320928,55173
184462,720575940615198370,153684
127118,720575940623972076,55892
53395,720575940641183477,57444
151702,720575940624029437,57685
176280,720575940623660799,59004
127137,720575940624422664,26252
102562,720575940646106903,60281
135336,720575940622776088,60847
110779,720575940644951844,61080
135367,720575940626011952,127204
544970,720575940614567731,29322
118989,720575940647384884,29957
135384,720575940627633992,161199
192729,720575940622636876,30416
110811,720575940628363090,64832
143600,720575940617205590,33032
119025,720575940605613926,99736
143608,720575940614952810,34565
119032,720575940638291827,34680
69886,720575940617099125,67811
151808,720575940611643256,35760
86280,720575940650489721,135174
151836,720575940620826492,37141
61726,720575940622063487,135556
143672,720575940640511872,104731
143677,720575940639176576,170405
151876,720575940648621956,39687
536905,720575940635105175,106664
127307,720575940636121012,107132
545105,720575940635523007,139910
94548,720575940628649922,173209
110933,720575940631394245,75672
192855,720575940626913223,109590
119130,720575940630452183,110640
192868,720575940630640604,143585
127334,720575940621023214,79676
102761,720575940612757490,112778
168302,720575940625905678,113200
135539,720575940645312535,113648
119156,720575940627159070,113766
102777,720575940621867041,114338
143742,720575940618270754,114581
61827,720575940627781690,114791
102792,720575940628011066,50742
110986,720575940640512088,214676
110993,720575940640667736,149846
110995,720575940629493863,51559
151961,720575940636104811,52109
111005,720575940638726259,52563
160157,720575940640012403,52929
119200,720575940636416119,151612
102827,720575940640815232,545984
209323,720575940607678594,54777
127409,720575940612085909,120443
111031,720575940613085337,120603
545207,720575940654782625,121129
102848,720575940615076002,121222
176579,720575940632426660,56060
545219,720575940632950948,57135
545220,720575940613068970,91392
78280,720575940617574585,58866
135625,720575940616493243,125087
135636,720575940627175623,126089
160215,720575940643797192,159544
135648,720575940640995536,62567
545248,720575940616149204,30233
111081,720575940630673623,63744
193003,720575940617599193,129390
94711,720575940630747356,31441
135678,720575940613208293,196053
553479,720575940629477627,65717
102921,720575940627749116,165606
143890,720575940608866571,134293
545300,720575940615624972,134330
184861,720575940622006554,134908
45600,720575940626692389,136300
168491,720575940624038182,103636
94764,720575940623587622,39387
111152,720575940624865575,137850
119349,720575940624218409,106535
152123,720575940631992623,74000
111166,720575940617001266,140988
62019,720575940628126024,141869
119374,720575940624832841,142170
152143,720575940622530892,110712
135766,720575940620032336,143881
135767,720575940632066408,79046
545373,720575940621244781,114517
545374,720575940640209267,50223
553567,720575940611225976,52213
168546,720575940619262331,85793
528994,720575940622735740,151931
111202,720575940627642757,119568
209509,720575940627683727,54083
111208,720575940632680855,545978
529009,720575940628027800,121126
103026,720575940615420327,88475
545395,720575940620499371,121614
127601,720575940635400622,121803
70265,720575940617345467,155095
119424,720575940624931260,123512
119434,720575940635204031,91253
94858,720575940628568514,91345
152206,720575940629494210,124131
127631,720575940627208647,124155
176787,720575940639455696,124580
94871,720575940615190993,125115
119449,720575940605204960,60010
152222,720575940615297503,60027
570016,720575940616387039,60042
86689,720575940614093279,28912
119458,720575940652866038,127767
135851,720575940630698496,29500
111276,720575940626987522,63019
78511,720575940624513543,31198
103090,720575940609227275,31352
111281,720575940617910804,129937
127667,720575940627651093,32365
135869,720575940645583383,99348
185021,720575940618091035,99537
185022,720575940646648355,132579
78530,720575940625095205,100701
144070,720575940619835953,134352
70349,720575940639283765,134570
545497,720575940626373182,102524
144093,720575940619336256,102555
529123,720575940616141378,102799
127715,720575940610382404,104621
570095,720575940622719564,104670
86771,720575940618271316,104936
103164,720575940616755798,106200
529148,720575940622260830,73969
111358,720575940623538787,533693
135942,720575940629871207,173327
103175,720575940636105327,75847
111366,720575940636154480,43694
86792,720575940621785727,76480
217874,720575940627110531,76842
168726,720575940647533188,110938
111390,720575940627733125,111010
135971,720575940642372237,78961
160554,720575940626561679,147220
103230,720575940614257298,115772
545599,720575940615338642,115857
103232,720575940615944854,50331
193346,720575940634688156,116049
144196,720575940633590445,116681
54084,720575940636842670,117415
119623,720575940606925489,85248
136013,720575940612618931,511828
127823,720575940624194229,119340
103250,720575940621474486,120373
136018,720575940625971900,54901
545619,720575940607867593,87849
119640,720575940626143946,91618
127840,720575940620368587,124545
45923,720575940619680472,59129
70512,720575940625267431,125314
144245,720575940624743147,158513
111479,720575940621220590,93751
111485,720575940630715129,29028
177026,720575940625054460,128137
144270,720575940623571711,63686
127890,720575940628609788,31282
152469,720575940631173906,130155
95130,720575940618345243,32462
37795,720575940624169769,163683
119716,720575940631264042,164398
111533,720575940626119472,33444
537527,720575940619926321,33647
545721,720575940647942964,132280
111546,720575940615928635,132565
144332,720575940618722112,133918
136148,720575940639062854,36253
529368,720575940629699415,36306
95195,720575940640553816,102327
111580,720575940627127129,135631
201696,720575940638473050,38650
136169,720575940621564763,104582
136178,720575940611079010,138004
127986,720575940623227747,106512
62454,720575940630993768,139667
144375,720575940637031280,139701
201720,720575940621687668,139979
152569,720575940616510325,176623
201724,720575940611480440,112642
119805,720575940659862401,146235
111617,720575940628577167,113868
119812,720575940624989076,114884
185350,720575940615248790,82145
87079,720575940629470107,116565
136239,720575940655307681,51796
78896,720575940614454183,51986
144436,720575940613176239,152164
144439,720575940623776696,119601
103486,720575940617690041,120694
169025,720575940626062268,88167
128087,720575940609653699,88816
201825,720575940616264646,123139
111715,720575940622760918,58601
119912,720575940619934680,59668
128107,720575940637711326,125361
545900,720575940604959712,125722
562288,720575940634188770,93318
54395,720575940612684773,159459
144516,720575940628954088,160701
160904,720575940652940278,95458
95372,720575940614216702,95995
128143,720575940615044094,129236
570534,720575940621949957,129376
128168,720575940625021960,96625
136363,720575940630887442,31856
119983,720575940633918489,32053
136374,720575940620393521,130442
177347,720575940639923261,98139
120005,720575940615494722,65673
546005,720575940630010955,98597
95445,720575940620049488,98886
111832,720575940632542289,99131
103641,720575940617075798,99316
546008,720575940640881752,36511
111838,720575940637662298,102618
103660,720575940617469021,37125
87291,720575940621892702,168310
193788,720575940624940132,102791
128255,720575940612258929,37515
537856,720575940622638204,135872
201985,720575940620967039,70980
546060,720575940638907520,529931
62734,720575940640758912,39556
62735,720575940660296833,105099
120084,720575940627332233,105276
202007,720575940625095828,107159
128280,720575940615404694,140083
95513,720575940616715421,107843
546074,720575940618984606,108185
62747,720575940615093410,75776
136491,720575940631125156,141412
546100,720575940613905583,111016
128311,720575940621638832,143955
120132,720575940621368496,145563
513350,720575940624432309,145581
185678,720575940624104632,81829
111953,720575940616150203,49331
79188,720575940629781698,114899
120162,720575940628339912,116187
128354,720575940622998742,116503
95595,720575940622974173,150467
144751,720575940623678698,118174
152947,720575940624653547,53516
128376,720575940625276140,54131
202109,720575940620909806,119764
144775,720575940619877615,153036
128399,720575940628716791,186000
112021,720575940630904057,153561
87465,720575940628004113,153654
112045,720575940628831531,186574
120236,720575940614667570,121139
103859,720575940617108786,55871
169396,720575940619468086,155781
103862,720575940631731523,58482
128440,720575940632534355,126183
103872,720575940618632532,61477
87498,720575940619427163,94567
136662,720575940622695774,30609
120278,720575940627070308,129285
87529,720575940631821672,97559
103914,720575940627332457,130505
194029,720575940612119921,130570
79343,720575940620115316,32278
95730,720575940610841976,523825
112117,720575940627348861,33962
128501,720575940623965587,132570
62968,720575940627357080,34690
112123,720575940633836954,165766
112128,720575940629609883,133229
22017,720575940655168929,134870
153094,720575940613152170,103343
128518,720575940636687790,103570
120337,720575940605681073,104414
103964,720575940625472952,104714
194078,720575940620885441,41056
79394,720575940626914759,139501
103975,720575940626972106,139543
177707,720575940612079054,106840
79408,720575940619738584,108346
128561,720575940612316634,42876
177723,720575940614929887,141719
120389,720575940625366503,76519
161349,720575940619451887,109943
169544,720575940641414645,110046
136777,720575940652522998,110312
112202,720575940628717062,144962
185946,720575940622671367,145584
144987,720575940623253005,178744
104030,720575940628880912,113346
136802,720575940645576215,48133
104041,720575940623400472,113686
71274,720575940618714651,48913
169581,720575940606213664,115583
128631,720575940618116642,50651
63096,720575940625489445,50672
161401,720575940611030574,149679
177789,720575940627693114,182478
128640,720575940624817726,84753
79491,720575940626906686,117564
128651,720575940633050705,118225
136851,720575940618305108,120659
95892,720575940619058772,88095
120470,720575940636073567,121185
112282,720575940634672736,122819
79526,720575940611423842,91288
87723,720575940628913769,91578
112301,720575940635885163,124786
112307,720575940637744752,93685
210611,720575940611776113,94953
136885,720575940621549172,30129
112309,720575940630822522,97268
513724,720575940619452027,98027
128713,720575940607950466,131005
112335,720575940626947736,131300
71377,720575940627750555,98800
153300,720575940637302446,99075
95976,720575940626439866,99166
104171,720575940609711811,33869
169710,720575940628659912,100261
104175,720575940607123145,133052
112372,720575940607147721,133417
104183,720575940632043215,100774
259833,720575940611260114,134955
136962,720575940616675033,102740
79621,720575940623941354,169031
112397,720575940629774071,136284
79630,720575940635934456,37989
96023,720575940628365052,37998
120608,720575940626046723,103571
546605,720575940627758858,38335
137009,720575940620418836,104370
128820,720575940628291349,72691
145213,720575940628037397,107075
128837,720575940646690595,107172
104280,720575940626915109,108974
128869,720575940623572774,109617
46952,720575940623621926,143061
186215,720575940647444276,78108
513899,720575940639309621,111362
137068,720575940621582145,47079
145260,720575940632403779,112633
112495,720575940638678854,148012
153467,720575940628791114,115497
169852,720575940607344476,115595
96128,720575940622294878,117702
87942,720575940629159785,121338
137099,720575940637761392,154618
178061,720575940631175030,90097
137104,720575940636835703,549414
128927,720575940630028154,91086
112544,720575940627906429,59160
137121,720575940624482195,59759
104355,720575940627480472,125672
137124,720575940635565978,126723
546724,720575940615880607,28681
63393,720575940614922146,95435
120751,720575940621393830,95925
128945,720575940637409198,30701
178100,720575940619280320,129742
128947,720575940627800007,97529
137146,720575940618502091,164566
210886,720575940608155605,99146
112587,720575940625039335,99592
145377,720575940624834539,100430
96226,720575940624293895,100946
194530,720575940620402718,134437
120813,720575940639293493,36894
104434,720575940627636296,135784
14326,720575940618780752,169028
112637,720575940638367834,169450
112639,720575940634198112,136703
923651,720575940613521522,103955
153604,720575940621885556,137761
186373,720575940623253640,138426
129028,720575940616536203,107379
120846,720575940615315602,108847
30734,720575940622737555,143914
219160,720575940640096419,78383
79900,720575940621607078,111967
210981,720575940604731569,177557
170023,720575940619763915,46584
170024,720575940652482806,112407
112679,720575940623073532,178531
120871,720575940639523150,118068
219180,720575940629553487,118115
129067,720575940632781139,151906
63532,720575940632478048,120217
112691,720575940620124513,120606
120912,720575940627423621,153984
170071,720575940620886406,188161
211032,720575940632150412,189423
112731,720575940632093068,158134
104542,720575940615553430,93455
96359,720575940633985436,93676
96361,720575940619469214,28353
104556,720575940615594399,128058
137324,720575940606296497,96424
47218,720575940612358579,96884
153717,720575940633493971,129907
137354,720575940621263325,31764
219286,720575940638458340,130859
145561,720575940624679438,131073
112802,720575940621705754,131827
219303,720575940625916444,99358
186551,720575940603404834,198210
137411,720575940632085048,137046
129219,720575940618543680,41847
153799,720575940623319651,107991
112862,720575940605985382,77265
121060,720575940614816362,176427
137448,720575940613055090,209645
153837,720575940629676666,46450
129262,720575940627251864,112179
96501,720575940634198684,112936
129273,720575940620075686,80670
137466,720575940623114948,539977
129282,720575940623663821,81451
71939,720575940617437913,114457
194820,720575940633576161,147807
227593,720575940624327402,115560
145676,720575940641325813,83085
63757,720575940630676217,149090
129300,720575940635747064,52800
112931,720575940626260738,119993
121127,720575940631102223,89225
170285,720575940627161884,90320
547117,720575940646929187,124069
63796,720575940625810253,91923
104757,720575940630946647,91972
129347,720575940621992820,92467
112972,720575940626236293,159071
178508,720575940625253257,159299
145743,720575940623745930,93858
211291,720575940632503180,30352
137569,720575940627760015,30761
63842,720575940611482517,97792
104804,720575940617413561,32503
538987,720575940639163364,98448
538988,720575940637205481,131654
186732,720575940629119985,100422
104835,720575940630250490,36070
153992,720575940623999999,169330
137615,720575940626359427,104336
170383,720575940627145861,137246
145810,720575940620960902,138850
145820,720575940637344910,171775
121247,720575940633379991,106811
104886,720575940615578783,109633
145849,720575940622329008,109727
121274,720575940624770231,176217
113086,720575940621771969,144768
915902,720575940626408650,113385
121292,720575940632560865,80866
113105,720575940628382961,113654
104921,720575940628489468,114618
580061,720575940628800784,114907
113122,720575940627719496,83979
236003,720575940640228686,51493
88546,720575940635198815,85429
80362,720575940622599518,152904
186862,720575940620952948,56306
145911,720575940636280183,89092
203256,720575940607509890,154989
121337,720575940628227465,122260
170490,720575940640359843,90171
178684,720575940614137255,155843
96773,720575940622042550,90371
121355,720575940624934328,123189
129547,720575940616488379,123630
203290,720575940624164284,125701
539164,720575940632593868,160172
539165,720575940621673933,128119
236062,720575940621714928,554192
137759,720575940621682164,128458
96802,720575940618757686,97877
121387,720575940627138137,65531
96822,720575940620363355,32825
137785,720575940645824110,33126
80444,720575940631103094,33232
211521,720575940626695811,33586
72263,720575940627818121,133030
96840,720575940617414283,133769
563788,720575940618905246,69305
80460,720575940632405668,136593
539221,720575940621338278,138137
96854,720575940621641392,40015
121431,720575940635592372,106303
137822,720575940644357832,139806
186976,720575940610991834,76828
129632,720575940633700065,145733
129634,720575940631308027,113978
129637,720575940609287945,147350
514672,720575940627277587,117029
96883,720575940628268821,117151
146037,720575940630546231,117620
203386,720575940617103163,118797
113284,720575940618454848,151784
195205,720575940627916616,545059
113292,720575940606281574,119198
72333,720575940627531651,87429
121484,720575940623214474,93673
113295,720575940640106403,93750
64143,720575940627998632,29468
105127,720575940615571423,128432
96948,720575940627286012,194061
187065,720575940622690311,63339
187068,720575940616431628,30950
105164,720575940632619033,97595
129745,720575940634658841,99310
162515,720575940618127387,166215
113370,720575940632430623,135785
547547,720575940632913965,104915
113373,720575940647405620,106366
580314,720575940639213621,141065
105192,720575940631906360,174203
105196,720575940639410254,109217
531181,720575940635551840,109545
539379,720575940612974706,143933
162553,720575940616333457,111938
146174,720575940610689173,81938
187137,720575940612090005,87098
539399,720575940632651940,54743
514831,720575940621002918,23031
154385,720575940633168083,121752
195346,720575940617611481,89825
105236,720575940641982683,123155
228122,720575940623321322,123838
514845,720575940652542198,92251
105248,720575940636018936,93166
113445,720575940617840897,94283
531238,720575940613818664,128620
547622,720575940628031816,96394
580389,720575940633241952,97453
162609,720575940619192709,196589
121655,720575940627179913,131618
121657,720575940603390380,131975
64314,720575940621314480,100105
531268,720575940635716020,133375
539461,720575940624099789,100668
113493,720575940623575507,167629
39769,720575940613278179,102240
121689,720575940638493156,70923
203614,720575940625975795,136530
105311,720575940616014348,104257
113503,720575940620700190,169994
138081,720575940631259679,39432
113504,720575940632521273,533423
97126,720575940622199372,140505
56168,720575940632668753,108625
121715,720575940647971460,75940
211833,720575940620692103,109536
146300,720575940617366155,111508
138114,720575940614965906,111806
580482,720575940618906270,146727
580492,720575940632980132,114500
113552,720575940622117572,114589
113554,720575940644891336,83054
113556,720575940633668322,149242
113561,720575940624141064,149559
555932,720575940618365725,85077
170912,720575940632046393,118566
220066,720575940618562368,121801
113577,720575940638690118,56292
97196,720575940629703503,91510
580525,720575940630055806,124418
154543,720575940612975530,92141
195505,720575940620880832,191681
580535,720575940620569537,126616
162743,720575940611255250,192518
138172,720575940638403561,94973
154556,720575940622912491,129310
129986,720575940618210305,195836
129995,720575940628491268,130436
121805,720575940627098634,130785
220109,720575940627844117,131582
129999,720575940643146788,132703
547797,720575940619684918,100120
121819,720575940617161787,100618
154592,720575940636904538,134000
130023,720575940605955174,134053
203759,720575940631219318,69465
547827,720575940619431047,104858
130037,720575940626984073,72979
138239,720575940627049624,108527
580609,720575940618038457,77027
97281,720575940622003411,175885
56326,720575940628262120,143990
105481,720575940623805674,112297
130065,720575940623830250,145298
539667,720575940609060107,146440
121876,720575940621651233,82299
130073,720575940619930929,82827
154656,720575940630334787,541783
547875,720575940631539019,115825
138279,720575940620914017,181540
171052,720575940613246322,154098
39993,720575940613803378,88933
203837,720575940619144571,90419
113726,720575940632735140,90670
203853,720575940612885935,93737
138322,720575940630990287,94703
113747,720575940611239378,193103
179286,720575940630334940,29637
154713,720575940631317985,131700
130141,720575940620766702,33562
195678,720575940623445517,133444
89184,720575940625018382,36341
113763,720575940617915933,69161
113765,720575940626697758,138819
138343,720575940644711972,107507
113774,720575940631383594,108110
130158,720575940610412078,108448
64630,720575940614655538,112724
212089,720575940626337342,80075
564350,720575940627705426,151524
81023,720575940617997917,87207
89219,720575940637167205,87847
187527,720575940650290809,122026
97417,720575940629835390,57213
531602,720575940660817537,90645
539812,720575940616982155,123522
220328,720575940620971691,91410
162990,720575940617473721,91857
195758,720575940636061432,124710
122033,720575940630081280,92082
580785,720575940646440739,92241
130236,720575940615270210,94934
113857,720575940630359875,95182
113862,720575940638535502,129613
515270,720575940634922859,97653
163014,720575940637437808,132195
580817,720575940612673393,103870
154836,720575940613427058,137861
105691,720575940642688909,73481
572637,720575940632850340,107505
81119,720575940632588236,77361
212192,720575940610977746,47171
154847,720575940622929885,82551
531691,720575940613550061,115891
531692,720575940629606394,86416
122099,720575940632358930,121511
97526,720575940617170978,121572
56569,720575940625993776,89790
97536,720575940630245431,90842
138498,720575940630204476,124551
122122,720575940623593571,96005
195855,720575940637626480,129417
900370,720575940621332596,97853
72984,720575940649873529,33106
138536,720575940647596164,132645
138538,720575940637290659,67298
245032,720575940606562481,529933
179499,720575940625027260,104063
130346,720575940620628161,105412
105776,720575940607144137,77733
187704,720575940611592398,111658
105796,720575940613271779,112570
122181,720575940621447406,113265
130379,720575940623560959,146050
122192,720575940626903298,146051
130384,720575940618375451,115535
531799,720575940632351007,116345
97627,720575940616089906,186178
515428,720575940637954357,123234
130405,720575940630606137,57927
548203,720575940626420030,125643
580973,720575940611363170,93487
187759,720575940635242853,192790
114034,720575940635144555,97306
548211,720575940620497279,131678
122229,720575940615647634,164927
146809,720575940628533703,135586
580988,720575940623520211,103727
105853,720575940652675574,107419
187774,720575940627616277,141443
114056,720575940632572447,146611
523661,720575940631876153,115984
105880,720575940636619365,85727
187800,720575940648530553,93021
130463,720575940620440199,93670
122274,720575940623733386,30164
548269,720575940626215568,554757
130501,720575940619285163,73652
81358,720575940614976175,140065
179663,720575940627141306,109742
97745,720575940635292351,142655
138710,720575940629304139,113478
114143,720575940629099343,81480
114149,720575940627297106,117258
40423,720575940619408219,117365
171500,720575940626256740,183517
73199,720575940612477809,87689
130545,720575940627428248,122281
548338,720575940618933149,122495
155124,720575940615189407,91074
548343,720575940604179372,125200
146937,720575940610077635,93879
130559,720575940609102805,127495
114180,720575940613051365,66626
122380,720575940613936109,66862
122389,720575940624454664,132550
130592,720575940623758377,104764
122401,720575940630049836,49150
196128,720575940618040404,181116
81454,720575940620833883,84520
114228,720575940629599350,117900
179772,720575940627657853,153365
187964,720575940619170974,88135
106052,720575940614771874,89592
106055,720575940609545411,90311
89679,720575940638282980,92007
179793,720575940624717053,93235
548430,720575940623398157,98010
581207,720575940629181739,32477
106075,720575940612863283,131595
138844,720575940614329666,131896
106080,720575940622849356,99585
581224,720575940626797913,139885
130665,720575940622431582,107796
130668,720575940615312746,107893
212593,720575940622947708,140674
147058,720575940633376173,145142
106102,720575940617508281,80424
147063,720575940621964784,541676
97910,720575940653561334,83761
130682,720575940631246380,83871
147079,720575940611044910,84264
138888,720575940619302454,117844
581256,720575940631492153,87479
122508,720575940630509116,90442
97937,720575940626724414,92551
163474,720575940622956105,160434
163479,720575940637816432,95123
114339,720575940630754942,127984
97956,720575940617852573,95744
188071,720575940621489846,30384
163501,720575940619679425,67733
114350,720575940612404954,104341
188086,720575940638553828,105533
163510,720575940625061611,106875
548539,720575940613551853,109418
122556,720575940612658984,113264
196297,720575940618639189,82184
97994,720575940621096801,86984
171731,720575940631000940,124181
147157,720575940637439856,125871
171737,720575940630050686,94326
24288,720575940616189841,137729
138978,720575940618491805,531388
548581,720575940626487226,175741
147175,720575940608972739,112819
98025,720575940605073376,146836
581354,720575940631115771,114497
114412,720575940630845435,87910
73454,720575940623742972,60456
540403,720575940631484411,95160
548596,720575940627036170,95824
65271,720575940628035605,63418
16122,720575940626921502,100323
114434,720575940644763684,71235
581378,720575940622186561,104221
147234,720575940620441680,532803
130857,720575940638144602,109854
106283,720575940637612144,144453
139052,720575940628781211,113234
171822,720575940632959132,83209
32564,720575940635826356,119588
171829,720575940625176764,122272
565045,720575940629485765,89727
106298,720575940618442955,90834
147259,720575940619376856,91328
130884,720575940629600506,554592
114501,720575940629231888,557224
147269,720575940622031130,107299
548679,720575940617656610,80785
122699,720575940610726190,114262
114512,720575940605737318,82162
130898,720575940630272411,115279
204637,720575940633696723,59400
89951,720575940652792310,94959
122724,720575940629477883,62366
114533,720575940614494718,555650
106342,720575940619115077,131119
155495,720575940637407814,102045
139112,720575940611652194,69844
130918,720575940626283108,139106
163691,720575940620475015,75402
114543,720575940615002791,76062
57198,720575940613110442,79603
139135,720575940624104117,80336
81798,720575940623522500,86064
548750,720575940631083727,119666
147343,720575940609940178,87598
147354,720575940638923492,89569
73627,720575940638137065,163508
73631,720575940626463550,98594
122793,720575940618730325,103968
130990,720575940613471090,41109
139183,720575940619320188,85787
106423,720575940619262844,89278
147383,720575940617780153,123130
122807,720575940641586139,92510
237498,720575940619975765,125354
122814,720575940622277726,136588
229336,720575940630273150,73025
245725,720575940627561605,106747
172002,720575940634786972,108040
180198,720575940640906403,44955
147439,720575940619361445,51312
114672,720575940625120444,85300
114673,720575940630117570,88535
212976,720575940633427155,58354
98292,720575940609137877,159671
548856,720575940612103386,95664
65553,720575940623473895,97673
196627,720575940629421304,66190
172056,720575940630617337,71428
204825,720575940647050531,79894
114722,720575940621163841,83779
114725,720575940615757122,116924
147500,720575940632321355,85611
548918,720575940629486927,153364
81977,720575940617469277,106178
90204,720575940620754285,77944
131171,720575940628028797,111816
106596,720575940639735203,82807
106609,720575940614135215,50126
532601,720575940635868596,29477
188547,720575940617543124,68449
114825,720575940630109660,112322
114841,720575940638514665,114671
549017,720575940629601786,82183
188572,720575940628463100,82316
24740,720575940608695817,50272
565424,720575940620443156,88273
139445,720575940618509851,30563
73912,720575940624948775,97943
123068,720575940630011434,35473
98497,720575940634369643,36108
205006,720575940619763309,54240
155880,720575940617756283,58225
131305,720575940627627657,91803
123114,720575940638400163,66566
188650,720575940621909680,67166
147712,720575940640964304,114531
155908,720575940608720597,52925
98567,720575940613742317,54570
98570,720575940623089434,56165
516380,720575940616298290,65432
98601,720575940604198828,164002
516393,720575940609228757,33379
123179,720575940622458838,36196
164146,720575940621311965,138216
98613,720575940633640929,79519
106815,720575940636622820,53289
147785,720575940612726770,61755
131403,720575940623753254,64679
147790,720575940618723397,69217
524626,720575940636270703,74377
139611,720575940634280092,113064
90463,720575940615061666,50489
549213,720575940620386651,64534
549214,720575940633731423,68903
147816,720575940620575085,38107
156009,720575940623827338,80596
532846,720575940612637077,126848
115088,720575940614816150,67074
549275,720575940620427712,34785
115107,720575940633321954,72273
106940,720575940617953793,48186
205258,720575940629127759,49145
549331,720575940639998552,49901
115172,720575940627907197,58735
213491,720575940627554953,60003
147963,720575940623688455,61491
549371,720575940637918042,95564
156156,720575940644143982,41454
107023,720575940620657543,51561
139798,720575940641080283,158331
549399,720575940637893598,27636
549400,720575940617765862,60533
98842,720575940634264601,64757
549407,720575940609270830,65130
115272,720575940615545922,40521
197222,720575940621731056,44371
172690,720575940623762701,84783
205466,720575940640785792,87410
98974,720575940620928390,59587
98986,720575940616332742,70382
164523,720575940624213501,40996
549549,720575940620035664,107421
180924,720575940639065690,63440
131774,720575940630791798,59689
139984,720575940643907272,35374
107220,720575940627187475,116850
74479,720575940626589468,74598
549616,720575940608739164,43276
131832,720575940623108129,57604
115465,720575940625934375,65386
541456,720575940647389236,75694
115523,720575940639295558,54209
115539,720575940638091354,29020
148307,720575940631980136,46582
123742,720575940627302745,61039
123747,720575940647610756,39950
123755,720575940605938110,86584
107373,720575940637649380,65951
99183,720575940627614341,50520
549740,720575940629842719,85004
123758,720575940610583342,50049
99209,720575940603022304,83064
99216,720575940629400619,61133
115605,720575940621511796,62388
197543,720575940618349825,69418
140207,720575940624829927,71701
99274,720575940638182889,57906
181196,720575940620652016,60577
